date,weekday,window,status,reason,max_rain_mm_per_hour,rain_in_window_mm,max_rain_2h_before_mm
2025-09-21,Sun,5-8 AM,drizzle,light drizzle,0.1,0.1,0.0
2025-09-21,Sun,5-8 PM,drizzle,light drizzle,0.1,0.1,1.9
2025-09-22,Mon,5-8 AM,drizzle,light drizzle,0.3,0.6,0.0
2025-09-22,Mon,5-8 PM,out,rain during window,2.0,4.8,1.3
2025-09-23,Tue,5-8 AM,out,rain during window,4.6,6.4,1.3
2025-09-23,Tue,5-8 PM,out,rain during window,1.7,3.7,1.0
2025-09-24,Wed,5-8 AM,drizzle,light drizzle,0.2,0.5,0.3
2025-09-24,Wed,5-8 PM,out,rain during window,1.5,1.7,0.2
2025-09-25,Thu,5-8 AM,dry,dry,0.0,0.0,0.0
2025-09-25,Thu,5-8 PM,out,downpour just before,0.2,0.3,3.9
2025-09-26,Fri,5-8 AM,out,rain during window,1.4,1.7,0.8
2025-09-26,Fri,5-8 PM,dry,dry,0.0,0.0,0.1
2025-09-27,Sat,5-8 AM,drizzle,light drizzle,0.4,0.4,0.5
2025-09-27,Sat,5-8 PM,dry,dry,0.0,0.0,0.0
2025-09-28,Sun,5-8 AM,dry,dry,0.0,0.0,0.0
2025-09-28,Sun,5-8 PM,dry,dry,0.0,0.0,0.0
2025-09-29,Mon,5-8 AM,dry,dry,0.0,0.0,0.0
2025-09-29,Mon,5-8 PM,dry,dry,0.0,0.0,1.6
2025-09-30,Tue,5-8 AM,dry,dry,0.0,0.0,0.1
2025-09-30,Tue,5-8 PM,out,rain during window,5.1,9.2,0.4
2025-10-01,Wed,5-8 AM,dry,dry,0.0,0.0,0.0
2025-10-01,Wed,5-8 PM,out,rain during window,2.8,2.8,3.3
2025-10-02,Thu,5-8 AM,dry,dry,0.0,0.0,0.0
2025-10-02,Thu,5-8 PM,dry,dry,0.0,0.0,1.0
2025-10-03,Fri,5-8 AM,out,rain during window,2.9,3.9,0.3
2025-10-03,Fri,5-8 PM,out,rain during window,2.3,5.0,4.0
2025-10-04,Sat,5-8 AM,dry,dry,0.0,0.0,0.0
2025-10-04,Sat,5-8 PM,out,downpour just before,0.1,0.1,4.3
2025-10-05,Sun,5-8 AM,dry,dry,0.0,0.0,0.0
2025-10-05,Sun,5-8 PM,dry,dry,0.0,0.0,0.1
2025-10-06,Mon,5-8 AM,dry,dry,0.0,0.0,0.0
2025-10-06,Mon,5-8 PM,out,rain during window,4.4,6.1,0.1
2025-10-07,Tue,5-8 AM,dry,dry,0.0,0.0,0.0
2025-10-07,Tue,5-8 PM,dry,dry,0.0,0.0,0.0
2025-10-08,Wed,5-8 AM,drizzle,light drizzle,0.1,0.2,0.3
2025-10-08,Wed,5-8 PM,out,downpour just before,0.0,0.0,3.5
2025-10-09,Thu,5-8 AM,dry,dry,0.0,0.0,0.2
2025-10-09,Thu,5-8 PM,out,rain during window,0.5,0.7,5.8
2025-10-10,Fri,5-8 AM,dry,dry,0.0,0.0,0.0
2025-10-10,Fri,5-8 PM,out,rain during window,6.7,7.1,0.5
2025-10-11,Sat,5-8 AM,dry,dry,0.0,0.0,0.0
2025-10-11,Sat,5-8 PM,dry,dry,0.0,0.0,0.1
2025-10-12,Sun,5-8 AM,dry,dry,0.0,0.0,0.0
2025-10-12,Sun,5-8 PM,dry,dry,0.0,0.0,0.3
2025-10-13,Mon,5-8 AM,dry,dry,0.0,0.0,0.0
2025-10-13,Mon,5-8 PM,dry,dry,0.0,0.0,2.1
2025-10-14,Tue,5-8 AM,dry,dry,0.0,0.0,0.0
2025-10-14,Tue,5-8 PM,dry,dry,0.0,0.0,0.5
2025-10-15,Wed,5-8 AM,dry,dry,0.0,0.0,0.0
2025-10-15,Wed,5-8 PM,out,downpour just before,0.0,0.0,3.6
2025-10-16,Thu,5-8 AM,dry,dry,0.0,0.0,0.0
2025-10-16,Thu,5-8 PM,dry,dry,0.0,0.0,0.4
2025-10-17,Fri,5-8 AM,drizzle,light drizzle,0.3,0.3,2.0
2025-10-17,Fri,5-8 PM,dry,dry,0.0,0.0,0.1
2025-10-18,Sat,5-8 AM,dry,dry,0.0,0.0,0.0
2025-10-18,Sat,5-8 PM,drizzle,light drizzle,0.1,0.3,0.3
2025-10-19,Sun,5-8 AM,out,rain during window,1.3,2.1,1.7
2025-10-19,Sun,5-8 PM,out,rain during window,0.7,1.4,2.2
2025-10-20,Mon,5-8 AM,dry,dry,0.0,0.0,0.0
2025-10-20,Mon,5-8 PM,dry,dry,0.0,0.0,0.0
2025-10-21,Tue,5-8 AM,dry,dry,0.0,0.0,0.0
2025-10-21,Tue,5-8 PM,dry,dry,0.0,0.0,0.0
2025-10-22,Wed,5-8 AM,dry,dry,0.0,0.0,0.0
2025-10-22,Wed,5-8 PM,dry,dry,0.0,0.0,0.6
2025-10-23,Thu,5-8 AM,dry,dry,0.0,0.0,0.0
2025-10-23,Thu,5-8 PM,out,rain during window,0.6,0.6,0.0
2025-10-24,Fri,5-8 AM,dry,dry,0.0,0.0,0.2
2025-10-24,Fri,5-8 PM,dry,dry,0.0,0.0,0.0
2025-10-25,Sat,5-8 AM,dry,dry,0.0,0.0,0.0
2025-10-25,Sat,5-8 PM,out,rain during window,4.4,4.5,0.4
2025-10-26,Sun,5-8 AM,dry,dry,0.0,0.0,0.0
2025-10-26,Sun,5-8 PM,dry,dry,0.0,0.0,0.4
2025-10-27,Mon,5-8 AM,drizzle,light drizzle,0.1,0.1,0.4
2025-10-27,Mon,5-8 PM,dry,dry,0.0,0.0,0.0
2025-10-28,Tue,5-8 AM,dry,dry,0.0,0.0,0.0
2025-10-28,Tue,5-8 PM,dry,dry,0.0,0.0,0.1
2025-10-29,Wed,5-8 AM,dry,dry,0.0,0.0,0.0
2025-10-29,Wed,5-8 PM,dry,dry,0.0,0.0,0.0
2025-10-30,Thu,5-8 AM,out,rain during window,4.2,4.5,2.7
2025-10-30,Thu,5-8 PM,out,rain during window,6.5,8.3,1.6
2025-10-31,Fri,5-8 AM,dry,dry,0.0,0.0,0.0
2025-10-31,Fri,5-8 PM,dry,dry,0.0,0.0,0.0
2025-11-01,Sat,5-8 AM,dry,dry,0.0,0.0,0.0
2025-11-01,Sat,5-8 PM,out,rain during window,0.5,0.9,0.0
2025-11-02,Sun,5-8 AM,dry,dry,0.0,0.0,0.0
2025-11-02,Sun,5-8 PM,dry,dry,0.0,0.0,0.1
2025-11-03,Mon,5-8 AM,dry,dry,0.0,0.0,0.2
2025-11-03,Mon,5-8 PM,dry,dry,0.0,0.0,0.5
2025-11-04,Tue,5-8 AM,drizzle,light drizzle,0.1,0.2,0.1
2025-11-04,Tue,5-8 PM,drizzle,light drizzle,0.1,0.1,0.3
2025-11-05,Wed,5-8 AM,dry,dry,0.0,0.0,0.0
2025-11-05,Wed,5-8 PM,dry,dry,0.0,0.0,0.0
2025-11-06,Thu,5-8 AM,dry,dry,0.0,0.0,0.0
2025-11-06,Thu,5-8 PM,dry,dry,0.0,0.0,0.0
2025-11-07,Fri,5-8 AM,dry,dry,0.0,0.0,0.0
2025-11-07,Fri,5-8 PM,dry,dry,0.0,0.0,1.8
2025-11-08,Sat,5-8 AM,dry,dry,0.0,0.0,0.0
2025-11-08,Sat,5-8 PM,dry,dry,0.0,0.0,0.0
2025-11-09,Sun,5-8 AM,out,rain during window,0.9,2.3,0.0
2025-11-09,Sun,5-8 PM,out,rain during window,4.6,11.7,4.5
2025-11-10,Mon,5-8 AM,out,rain during window,2.8,5.2,2.3
2025-11-10,Mon,5-8 PM,out,rain during window,1.7,2.9,0.9
2025-11-11,Tue,5-8 AM,drizzle,light drizzle,0.2,0.2,0.5
2025-11-11,Tue,5-8 PM,dry,dry,0.0,0.0,0.1
2025-11-12,Wed,5-8 AM,drizzle,light drizzle,0.1,0.1,0.1
2025-11-12,Wed,5-8 PM,dry,dry,0.0,0.0,0.0
2025-11-13,Thu,5-8 AM,dry,dry,0.0,0.0,0.0
2025-11-13,Thu,5-8 PM,dry,dry,0.0,0.0,0.0
2025-11-14,Fri,5-8 AM,dry,dry,0.0,0.0,0.0
2025-11-14,Fri,5-8 PM,out,downpour just before,0.0,0.0,3.1
2025-11-15,Sat,5-8 AM,dry,dry,0.0,0.0,0.0
2025-11-15,Sat,5-8 PM,dry,dry,0.0,0.0,0.0
2025-11-16,Sun,5-8 AM,dry,dry,0.0,0.0,0.0
2025-11-16,Sun,5-8 PM,dry,dry,0.0,0.0,0.0
2025-11-17,Mon,5-8 AM,dry,dry,0.0,0.0,0.0
2025-11-17,Mon,5-8 PM,dry,dry,0.0,0.0,0.2
2025-11-18,Tue,5-8 AM,dry,dry,0.0,0.0,0.2
2025-11-18,Tue,5-8 PM,dry,dry,0.0,0.0,0.0
2025-11-19,Wed,5-8 AM,out,rain during window,0.8,1.0,0.1
2025-11-19,Wed,5-8 PM,dry,dry,0.0,0.0,0.0
2025-11-20,Thu,5-8 AM,dry,dry,0.0,0.0,0.0
2025-11-20,Thu,5-8 PM,dry,dry,0.0,0.0,0.2
2025-11-21,Fri,5-8 AM,dry,dry,0.0,0.0,0.0
2025-11-21,Fri,5-8 PM,dry,dry,0.0,0.0,0.1
2025-11-22,Sat,5-8 AM,dry,dry,0.0,0.0,1.5
2025-11-22,Sat,5-8 PM,dry,dry,0.0,0.0,0.0
2025-11-23,Sun,5-8 AM,dry,dry,0.0,0.0,0.0
2025-11-23,Sun,5-8 PM,dry,dry,0.0,0.0,0.2
2025-11-24,Mon,5-8 AM,dry,dry,0.0,0.0,0.1
2025-11-24,Mon,5-8 PM,dry,dry,0.0,0.0,0.0
2025-11-25,Tue,5-8 AM,out,rain during window,3.1,6.9,0.3
2025-11-25,Tue,5-8 PM,drizzle,light drizzle,0.4,0.9,0.5
2025-11-26,Wed,5-8 AM,drizzle,light drizzle,0.3,0.6,0.1
2025-11-26,Wed,5-8 PM,dry,dry,0.0,0.0,0.0
2025-11-27,Thu,5-8 AM,dry,dry,0.0,0.0,0.0
2025-11-27,Thu,5-8 PM,dry,dry,0.0,0.0,0.1
2025-11-28,Fri,5-8 AM,dry,dry,0.0,0.0,0.0
2025-11-28,Fri,5-8 PM,dry,dry,0.0,0.0,0.7
2025-11-29,Sat,5-8 AM,dry,dry,0.0,0.0,0.0
2025-11-29,Sat,5-8 PM,drizzle,light drizzle,0.2,0.4,0.2
2025-11-30,Sun,5-8 AM,dry,dry,0.0,0.0,0.0
2025-11-30,Sun,5-8 PM,dry,dry,0.0,0.0,0.0
2025-12-01,Mon,5-8 AM,dry,dry,0.0,0.0,0.0
2025-12-01,Mon,5-8 PM,out,downpour just before,0.1,0.1,4.3
2025-12-02,Tue,5-8 AM,dry,dry,0.0,0.0,0.0
2025-12-02,Tue,5-8 PM,dry,dry,0.0,0.0,0.4
2025-12-03,Wed,5-8 AM,dry,dry,0.0,0.0,0.0
2025-12-03,Wed,5-8 PM,dry,dry,0.0,0.0,0.1
2025-12-04,Thu,5-8 AM,drizzle,light drizzle,0.1,0.1,0.3
2025-12-04,Thu,5-8 PM,dry,dry,0.0,0.0,0.0
2025-12-05,Fri,5-8 AM,dry,dry,0.0,0.0,0.0
2025-12-05,Fri,5-8 PM,dry,dry,0.0,0.0,0.0
2025-12-06,Sat,5-8 AM,dry,dry,0.0,0.0,0.0
2025-12-06,Sat,5-8 PM,dry,dry,0.0,0.0,0.0
2025-12-07,Sun,5-8 AM,dry,dry,0.0,0.0,0.1
2025-12-07,Sun,5-8 PM,out,rain during window,0.6,1.1,0.5
2025-12-08,Mon,5-8 AM,out,rain during window,6.2,16.2,0.1
2025-12-08,Mon,5-8 PM,dry,dry,0.0,0.0,0.1
2025-12-09,Tue,5-8 AM,dry,dry,0.0,0.0,0.0
2025-12-09,Tue,5-8 PM,out,downpour just before,0.0,0.0,5.8
2025-12-10,Wed,5-8 AM,out,rain during window,1.0,2.0,10.0
2025-12-10,Wed,5-8 PM,dry,dry,0.0,0.0,0.1
2025-12-11,Thu,5-8 AM,dry,dry,0.0,0.0,0.0
2025-12-11,Thu,5-8 PM,drizzle,light drizzle,0.3,0.3,0.0
2025-12-12,Fri,5-8 AM,dry,dry,0.0,0.0,0.0
2025-12-12,Fri,5-8 PM,dry,dry,0.0,0.0,0.0
2025-12-13,Sat,5-8 AM,dry,dry,0.0,0.0,0.0
2025-12-13,Sat,5-8 PM,dry,dry,0.0,0.0,0.0
2025-12-14,Sun,5-8 AM,drizzle,light drizzle,0.2,0.3,0.0
2025-12-14,Sun,5-8 PM,dry,dry,0.0,0.0,0.0
2025-12-15,Mon,5-8 AM,dry,dry,0.0,0.0,0.0
2025-12-15,Mon,5-8 PM,out,rain during window,1.2,1.7,2.7
2025-12-16,Tue,5-8 AM,dry,dry,0.0,0.0,0.0
2025-12-16,Tue,5-8 PM,out,rain during window,4.0,6.1,0.2
2025-12-17,Wed,5-8 AM,out,rain during window,0.5,1.3,0.1
2025-12-17,Wed,5-8 PM,dry,dry,0.0,0.0,0.0
2025-12-18,Thu,5-8 AM,dry,dry,0.0,0.0,0.0
2025-12-18,Thu,5-8 PM,dry,dry,0.0,0.0,0.2
2025-12-19,Fri,5-8 AM,drizzle,light drizzle,0.2,0.3,0.0
2025-12-19,Fri,5-8 PM,dry,dry,0.0,0.0,0.0
2025-12-20,Sat,5-8 AM,dry,dry,0.0,0.0,0.0
2025-12-20,Sat,5-8 PM,dry,dry,0.0,0.0,1.3
2025-12-21,Sun,5-8 AM,dry,dry,0.0,0.0,0.0
2025-12-21,Sun,5-8 PM,dry,dry,0.0,0.0,0.3
2025-12-22,Mon,5-8 AM,dry,dry,0.0,0.0,0.0
2025-12-22,Mon,5-8 PM,drizzle,light drizzle,0.1,0.1,1.7
2025-12-23,Tue,5-8 AM,dry,dry,0.0,0.0,0.0
2025-12-23,Tue,5-8 PM,dry,dry,0.0,0.0,1.2
2025-12-24,Wed,5-8 AM,dry,dry,0.0,0.0,0.0
2025-12-24,Wed,5-8 PM,dry,dry,0.0,0.0,0.5
2025-12-25,Thu,5-8 AM,dry,dry,0.0,0.0,0.0
2025-12-25,Thu,5-8 PM,out,rain during window,0.5,0.5,0.0
2025-12-26,Fri,5-8 AM,dry,dry,0.0,0.0,0.0
2025-12-26,Fri,5-8 PM,dry,dry,0.0,0.0,0.1
2025-12-27,Sat,5-8 AM,dry,dry,0.0,0.0,0.0
2025-12-27,Sat,5-8 PM,dry,dry,0.0,0.0,0.0
2025-12-28,Sun,5-8 AM,dry,dry,0.0,0.0,0.0
2025-12-28,Sun,5-8 PM,dry,dry,0.0,0.0,0.0
2025-12-29,Mon,5-8 AM,dry,dry,0.0,0.0,0.0
2025-12-29,Mon,5-8 PM,dry,dry,0.0,0.0,0.0
2025-12-30,Tue,5-8 AM,dry,dry,0.0,0.0,0.0
2025-12-30,Tue,5-8 PM,dry,dry,0.0,0.0,0.0
2025-12-31,Wed,5-8 AM,dry,dry,0.0,0.0,0.0
2025-12-31,Wed,5-8 PM,dry,dry,0.0,0.0,0.1
2026-01-01,Thu,5-8 AM,dry,dry,0.0,0.0,0.0
2026-01-01,Thu,5-8 PM,out,rain during window,1.3,1.8,0.0
2026-01-02,Fri,5-8 AM,drizzle,light drizzle,0.3,0.7,0.3
2026-01-02,Fri,5-8 PM,out,rain during window,4.0,8.2,3.5
2026-01-03,Sat,5-8 AM,dry,dry,0.0,0.0,0.0
2026-01-03,Sat,5-8 PM,dry,dry,0.0,0.0,0.0
2026-01-04,Sun,5-8 AM,dry,dry,0.0,0.0,0.0
2026-01-04,Sun,5-8 PM,dry,dry,0.0,0.0,0.0
2026-01-05,Mon,5-8 AM,dry,dry,0.0,0.0,0.0
2026-01-05,Mon,5-8 PM,drizzle,light drizzle,0.2,0.3,0.7
2026-01-06,Tue,5-8 AM,dry,dry,0.0,0.0,0.1
2026-01-06,Tue,5-8 PM,drizzle,light drizzle,0.1,0.2,0.1
2026-01-07,Wed,5-8 AM,dry,dry,0.0,0.0,0.0
2026-01-07,Wed,5-8 PM,dry,dry,0.0,0.0,0.0
2026-01-08,Thu,5-8 AM,dry,dry,0.0,0.0,0.1
2026-01-08,Thu,5-8 PM,dry,dry,0.0,0.0,0.0
2026-01-09,Fri,5-8 AM,dry,dry,0.0,0.0,0.0
2026-01-09,Fri,5-8 PM,dry,dry,0.0,0.0,0.0
2026-01-10,Sat,5-8 AM,out,rain during window,1.9,2.4,2.1
2026-01-10,Sat,5-8 PM,out,rain during window,0.7,1.0,0.1
2026-01-11,Sun,5-8 AM,dry,dry,0.0,0.0,0.0
2026-01-11,Sun,5-8 PM,out,downpour just before,0.0,0.0,6.9
2026-01-12,Mon,5-8 AM,dry,dry,0.0,0.0,0.1
2026-01-12,Mon,5-8 PM,dry,dry,0.0,0.0,0.0
2026-01-13,Tue,5-8 AM,dry,dry,0.0,0.0,0.0
2026-01-13,Tue,5-8 PM,dry,dry,0.0,0.0,0.0
2026-01-14,Wed,5-8 AM,dry,dry,0.0,0.0,0.0
2026-01-14,Wed,5-8 PM,dry,dry,0.0,0.0,0.2
2026-01-15,Thu,5-8 AM,drizzle,light drizzle,0.1,0.3,0.0
2026-01-15,Thu,5-8 PM,dry,dry,0.0,0.0,0.0
2026-01-16,Fri,5-8 AM,dry,dry,0.0,0.0,0.0
2026-01-16,Fri,5-8 PM,dry,dry,0.0,0.0,0.0
2026-01-17,Sat,5-8 AM,dry,dry,0.0,0.0,0.0
2026-01-17,Sat,5-8 PM,dry,dry,0.0,0.0,0.0
2026-01-18,Sun,5-8 AM,dry,dry,0.0,0.0,0.0
2026-01-18,Sun,5-8 PM,dry,dry,0.0,0.0,0.0
2026-01-19,Mon,5-8 AM,dry,dry,0.0,0.0,0.0
2026-01-19,Mon,5-8 PM,dry,dry,0.0,0.0,0.1
2026-01-20,Tue,5-8 AM,dry,dry,0.0,0.0,0.1
2026-01-20,Tue,5-8 PM,dry,dry,0.0,0.0,0.0
2026-01-21,Wed,5-8 AM,dry,dry,0.0,0.0,0.1
2026-01-21,Wed,5-8 PM,dry,dry,0.0,0.0,0.0
2026-01-22,Thu,5-8 AM,dry,dry,0.0,0.0,0.0
2026-01-22,Thu,5-8 PM,dry,dry,0.0,0.0,0.0
2026-01-23,Fri,5-8 AM,dry,dry,0.0,0.0,0.0
2026-01-23,Fri,5-8 PM,dry,dry,0.0,0.0,0.0
2026-01-24,Sat,5-8 AM,dry,dry,0.0,0.0,0.0
2026-01-24,Sat,5-8 PM,dry,dry,0.0,0.0,0.1
2026-01-25,Sun,5-8 AM,dry,dry,0.0,0.0,0.0
2026-01-25,Sun,5-8 PM,dry,dry,0.0,0.0,0.0
2026-01-26,Mon,5-8 AM,dry,dry,0.0,0.0,0.0
2026-01-26,Mon,5-8 PM,dry,dry,0.0,0.0,0.2
2026-01-27,Tue,5-8 AM,dry,dry,0.0,0.0,0.0
2026-01-27,Tue,5-8 PM,out,downpour just before,0.1,0.1,3.2
2026-01-28,Wed,5-8 AM,dry,dry,0.0,0.0,0.0
2026-01-28,Wed,5-8 PM,dry,dry,0.0,0.0,0.0
2026-01-29,Thu,5-8 AM,dry,dry,0.0,0.0,0.0
2026-01-29,Thu,5-8 PM,dry,dry,0.0,0.0,0.0
2026-01-30,Fri,5-8 AM,dry,dry,0.0,0.0,0.0
2026-01-30,Fri,5-8 PM,dry,dry,0.0,0.0,0.2
2026-01-31,Sat,5-8 AM,dry,dry,0.0,0.0,0.0
2026-01-31,Sat,5-8 PM,dry,dry,0.0,0.0,0.0
2026-02-01,Sun,5-8 AM,dry,dry,0.0,0.0,0.0
2026-02-01,Sun,5-8 PM,dry,dry,0.0,0.0,0.0
2026-02-02,Mon,5-8 AM,dry,dry,0.0,0.0,0.0
2026-02-02,Mon,5-8 PM,dry,dry,0.0,0.0,0.0
2026-02-03,Tue,5-8 AM,dry,dry,0.0,0.0,0.0
2026-02-03,Tue,5-8 PM,dry,dry,0.0,0.0,0.0
2026-02-04,Wed,5-8 AM,dry,dry,0.0,0.0,0.0
2026-02-04,Wed,5-8 PM,dry,dry,0.0,0.0,0.0
2026-02-05,Thu,5-8 AM,dry,dry,0.0,0.0,0.0
2026-02-05,Thu,5-8 PM,dry,dry,0.0,0.0,0.0
2026-02-06,Fri,5-8 AM,dry,dry,0.0,0.0,0.0
2026-02-06,Fri,5-8 PM,drizzle,light drizzle,0.3,0.4,0.1
2026-02-07,Sat,5-8 AM,drizzle,light drizzle,0.1,0.1,0.7
2026-02-07,Sat,5-8 PM,out,rain during window,1.6,1.8,0.0
2026-02-08,Sun,5-8 AM,dry,dry,0.0,0.0,0.0
2026-02-08,Sun,5-8 PM,dry,dry,0.0,0.0,0.0
2026-02-09,Mon,5-8 AM,dry,dry,0.0,0.0,0.0
2026-02-09,Mon,5-8 PM,dry,dry,0.0,0.0,0.0
2026-02-10,Tue,5-8 AM,dry,dry,0.0,0.0,0.0
2026-02-10,Tue,5-8 PM,dry,dry,0.0,0.0,0.0
2026-02-11,Wed,5-8 AM,dry,dry,0.0,0.0,0.0
2026-02-11,Wed,5-8 PM,dry,dry,0.0,0.0,0.0
2026-02-12,Thu,5-8 AM,dry,dry,0.0,0.0,0.0
2026-02-12,Thu,5-8 PM,dry,dry,0.0,0.0,0.0
2026-02-13,Fri,5-8 AM,dry,dry,0.0,0.0,0.0
2026-02-13,Fri,5-8 PM,dry,dry,0.0,0.0,0.0
2026-02-14,Sat,5-8 AM,dry,dry,0.0,0.0,0.1
2026-02-14,Sat,5-8 PM,out,rain during window,5.7,5.7,5.4
2026-02-15,Sun,5-8 AM,drizzle,light drizzle,0.3,0.3,0.0
2026-02-15,Sun,5-8 PM,dry,dry,0.0,0.0,0.1
2026-02-16,Mon,5-8 AM,dry,dry,0.0,0.0,0.0
2026-02-16,Mon,5-8 PM,drizzle,light drizzle,0.3,0.3,0.1
2026-02-17,Tue,5-8 AM,dry,dry,0.0,0.0,0.0
2026-02-17,Tue,5-8 PM,dry,dry,0.0,0.0,0.1
2026-02-18,Wed,5-8 AM,dry,dry,0.0,0.0,0.0
2026-02-18,Wed,5-8 PM,dry,dry,0.0,0.0,0.0
2026-02-19,Thu,5-8 AM,dry,dry,0.0,0.0,0.0
2026-02-19,Thu,5-8 PM,dry,dry,0.0,0.0,0.0
2026-02-20,Fri,5-8 AM,dry,dry,0.0,0.0,0.0
2026-02-20,Fri,5-8 PM,dry,dry,0.0,0.0,0.0
2026-02-21,Sat,5-8 AM,dry,dry,0.0,0.0,0.0
2026-02-21,Sat,5-8 PM,dry,dry,0.0,0.0,0.0
2026-02-22,Sun,5-8 AM,dry,dry,0.0,0.0,0.0
2026-02-22,Sun,5-8 PM,dry,dry,0.0,0.0,0.0
2026-02-23,Mon,5-8 AM,dry,dry,0.0,0.0,0.0
2026-02-23,Mon,5-8 PM,dry,dry,0.0,0.0,0.0
2026-02-24,Tue,5-8 AM,dry,dry,0.0,0.0,0.0
2026-02-24,Tue,5-8 PM,dry,dry,0.0,0.0,1.7
2026-02-25,Wed,5-8 AM,dry,dry,0.0,0.0,0.0
2026-02-25,Wed,5-8 PM,dry,dry,0.0,0.0,0.1
2026-02-26,Thu,5-8 AM,dry,dry,0.0,0.0,0.0
2026-02-26,Thu,5-8 PM,dry,dry,0.0,0.0,0.0
2026-02-27,Fri,5-8 AM,dry,dry,0.0,0.0,0.0
2026-02-27,Fri,5-8 PM,dry,dry,0.0,0.0,0.0
2026-02-28,Sat,5-8 AM,dry,dry,0.0,0.0,0.0
2026-02-28,Sat,5-8 PM,dry,dry,0.0,0.0,0.0
2026-03-01,Sun,5-8 AM,dry,dry,0.0,0.0,0.0
2026-03-01,Sun,5-8 PM,dry,dry,0.0,0.0,0.0
2026-03-02,Mon,5-8 AM,dry,dry,0.0,0.0,0.1
2026-03-02,Mon,5-8 PM,dry,dry,0.0,0.0,0.0
2026-03-03,Tue,5-8 AM,dry,dry,0.0,0.0,0.0
2026-03-03,Tue,5-8 PM,dry,dry,0.0,0.0,0.0
2026-03-04,Wed,5-8 AM,dry,dry,0.0,0.0,0.0
2026-03-04,Wed,5-8 PM,dry,dry,0.0,0.0,0.0
2026-03-05,Thu,5-8 AM,dry,dry,0.0,0.0,0.0
2026-03-05,Thu,5-8 PM,dry,dry,0.0,0.0,0.0
2026-03-06,Fri,5-8 AM,dry,dry,0.0,0.0,0.0
2026-03-06,Fri,5-8 PM,dry,dry,0.0,0.0,0.1
2026-03-07,Sat,5-8 AM,dry,dry,0.0,0.0,0.0
2026-03-07,Sat,5-8 PM,drizzle,light drizzle,0.1,0.1,0.1
2026-03-08,Sun,5-8 AM,dry,dry,0.0,0.0,0.0
2026-03-08,Sun,5-8 PM,dry,dry,0.0,0.0,0.0
2026-03-09,Mon,5-8 AM,dry,dry,0.0,0.0,0.0
2026-03-09,Mon,5-8 PM,dry,dry,0.0,0.0,0.0
2026-03-10,Tue,5-8 AM,dry,dry,0.0,0.0,0.0
2026-03-10,Tue,5-8 PM,dry,dry,0.0,0.0,0.0
2026-03-11,Wed,5-8 AM,dry,dry,0.0,0.0,0.0
2026-03-11,Wed,5-8 PM,dry,dry,0.0,0.0,0.4
2026-03-12,Thu,5-8 AM,dry,dry,0.0,0.0,0.0
2026-03-12,Thu,5-8 PM,dry,dry,0.0,0.0,0.1
2026-03-13,Fri,5-8 AM,drizzle,light drizzle,0.1,0.1,0.2
2026-03-13,Fri,5-8 PM,dry,dry,0.0,0.0,0.0
2026-03-14,Sat,5-8 AM,dry,dry,0.0,0.0,0.0
2026-03-14,Sat,5-8 PM,dry,dry,0.0,0.0,0.0
2026-03-15,Sun,5-8 AM,dry,dry,0.0,0.0,0.0
2026-03-15,Sun,5-8 PM,dry,dry,0.0,0.0,0.0
2026-03-16,Mon,5-8 AM,dry,dry,0.0,0.0,0.0
2026-03-16,Mon,5-8 PM,dry,dry,0.0,0.0,0.0
2026-03-17,Tue,5-8 AM,dry,dry,0.0,0.0,0.0
2026-03-17,Tue,5-8 PM,dry,dry,0.0,0.0,0.4
2026-03-18,Wed,5-8 AM,dry,dry,0.0,0.0,0.0
2026-03-18,Wed,5-8 PM,drizzle,light drizzle,0.2,0.2,0.3
2026-03-19,Thu,5-8 AM,dry,dry,0.0,0.0,0.0
2026-03-19,Thu,5-8 PM,dry,dry,0.0,0.0,0.6
2026-03-20,Fri,5-8 AM,dry,dry,0.0,0.0,0.0
2026-03-20,Fri,5-8 PM,dry,dry,0.0,0.0,0.0
2026-03-21,Sat,5-8 AM,dry,dry,0.0,0.0,0.0
2026-03-21,Sat,5-8 PM,dry,dry,0.0,0.0,0.0
2026-03-22,Sun,5-8 AM,dry,dry,0.0,0.0,0.0
2026-03-22,Sun,5-8 PM,dry,dry,0.0,0.0,0.0
2026-03-23,Mon,5-8 AM,dry,dry,0.0,0.0,0.0
2026-03-23,Mon,5-8 PM,dry,dry,0.0,0.0,0.0
2026-03-24,Tue,5-8 AM,dry,dry,0.0,0.0,0.0
2026-03-24,Tue,5-8 PM,dry,dry,0.0,0.0,0.0
2026-03-25,Wed,5-8 AM,dry,dry,0.0,0.0,0.0
2026-03-25,Wed,5-8 PM,dry,dry,0.0,0.0,0.1
2026-03-26,Thu,5-8 AM,dry,dry,0.0,0.0,0.0
2026-03-26,Thu,5-8 PM,dry,dry,0.0,0.0,0.0
2026-03-27,Fri,5-8 AM,dry,dry,0.0,0.0,0.0
2026-03-27,Fri,5-8 PM,dry,dry,0.0,0.0,0.0
2026-03-28,Sat,5-8 AM,dry,dry,0.0,0.0,0.0
2026-03-28,Sat,5-8 PM,dry,dry,0.0,0.0,0.0
2026-03-29,Sun,5-8 AM,dry,dry,0.0,0.0,0.0
2026-03-29,Sun,5-8 PM,dry,dry,0.0,0.0,0.0
2026-03-30,Mon,5-8 AM,dry,dry,0.0,0.0,0.0
2026-03-30,Mon,5-8 PM,dry,dry,0.0,0.0,0.0
2026-03-31,Tue,5-8 AM,dry,dry,0.0,0.0,0.0
2026-03-31,Tue,5-8 PM,dry,dry,0.0,0.0,0.0
2026-04-01,Wed,5-8 AM,dry,dry,0.0,0.0,0.0
2026-04-01,Wed,5-8 PM,dry,dry,0.0,0.0,0.0
2026-04-02,Thu,5-8 AM,dry,dry,0.0,0.0,0.0
2026-04-02,Thu,5-8 PM,dry,dry,0.0,0.0,0.0
2026-04-03,Fri,5-8 AM,dry,dry,0.0,0.0,0.0
2026-04-03,Fri,5-8 PM,dry,dry,0.0,0.0,0.0
2026-04-04,Sat,5-8 AM,dry,dry,0.0,0.0,0.0
2026-04-04,Sat,5-8 PM,dry,dry,0.0,0.0,0.0
2026-04-05,Sun,5-8 AM,dry,dry,0.0,0.0,0.0
2026-04-05,Sun,5-8 PM,dry,dry,0.0,0.0,0.0
2026-04-06,Mon,5-8 AM,dry,dry,0.0,0.0,0.0
2026-04-06,Mon,5-8 PM,dry,dry,0.0,0.0,0.0
2026-04-07,Tue,5-8 AM,dry,dry,0.0,0.0,0.0
2026-04-07,Tue,5-8 PM,dry,dry,0.0,0.0,0.0
2026-04-08,Wed,5-8 AM,dry,dry,0.0,0.0,0.0
2026-04-08,Wed,5-8 PM,dry,dry,0.0,0.0,0.0
2026-04-09,Thu,5-8 AM,dry,dry,0.0,0.0,0.0
2026-04-09,Thu,5-8 PM,drizzle,light drizzle,0.1,0.1,0.3
2026-04-10,Fri,5-8 AM,dry,dry,0.0,0.0,0.0
2026-04-10,Fri,5-8 PM,dry,dry,0.0,0.0,0.0
2026-04-11,Sat,5-8 AM,dry,dry,0.0,0.0,0.0
2026-04-11,Sat,5-8 PM,dry,dry,0.0,0.0,0.0
2026-04-12,Sun,5-8 AM,dry,dry,0.0,0.0,0.0
2026-04-12,Sun,5-8 PM,dry,dry,0.0,0.0,0.0
2026-04-13,Mon,5-8 AM,dry,dry,0.0,0.0,0.0
2026-04-13,Mon,5-8 PM,dry,dry,0.0,0.0,0.0
2026-04-14,Tue,5-8 AM,dry,dry,0.0,0.0,0.0
2026-04-14,Tue,5-8 PM,dry,dry,0.0,0.0,0.0
2026-04-15,Wed,5-8 AM,dry,dry,0.0,0.0,0.0
2026-04-15,Wed,5-8 PM,dry,dry,0.0,0.0,0.0
2026-04-16,Thu,5-8 AM,dry,dry,0.0,0.0,0.0
2026-04-16,Thu,5-8 PM,dry,dry,0.0,0.0,0.0
2026-04-17,Fri,5-8 AM,dry,dry,0.0,0.0,0.0
2026-04-17,Fri,5-8 PM,dry,dry,0.0,0.0,0.1
2026-04-18,Sat,5-8 AM,dry,dry,0.0,0.0,0.0
2026-04-18,Sat,5-8 PM,dry,dry,0.0,0.0,0.0
2026-04-19,Sun,5-8 AM,dry,dry,0.0,0.0,0.0
2026-04-19,Sun,5-8 PM,drizzle,light drizzle,0.3,0.3,0.3
2026-04-20,Mon,5-8 AM,dry,dry,0.0,0.0,0.0
2026-04-20,Mon,5-8 PM,dry,dry,0.0,0.0,0.1
2026-04-21,Tue,5-8 AM,dry,dry,0.0,0.0,0.0
2026-04-21,Tue,5-8 PM,dry,dry,0.0,0.0,0.0
2026-04-22,Wed,5-8 AM,dry,dry,0.0,0.0,0.0
2026-04-22,Wed,5-8 PM,dry,dry,0.0,0.0,0.0
2026-04-23,Thu,5-8 AM,dry,dry,0.0,0.0,0.0
2026-04-23,Thu,5-8 PM,dry,dry,0.0,0.0,0.0
2026-04-24,Fri,5-8 AM,dry,dry,0.0,0.0,0.0
2026-04-24,Fri,5-8 PM,dry,dry,0.0,0.0,0.0
2026-04-25,Sat,5-8 AM,dry,dry,0.0,0.0,0.0
2026-04-25,Sat,5-8 PM,drizzle,light drizzle,0.2,0.2,0.1
2026-04-26,Sun,5-8 AM,dry,dry,0.0,0.0,0.0
2026-04-26,Sun,5-8 PM,drizzle,light drizzle,0.1,0.1,0.2
2026-04-27,Mon,5-8 AM,dry,dry,0.0,0.0,0.0
2026-04-27,Mon,5-8 PM,drizzle,light drizzle,0.2,0.2,0.2
2026-04-28,Tue,5-8 AM,dry,dry,0.0,0.0,0.0
2026-04-28,Tue,5-8 PM,out,rain during window,1.2,1.8,0.1
2026-04-29,Wed,5-8 AM,dry,dry,0.0,0.0,0.0
2026-04-29,Wed,5-8 PM,dry,dry,0.0,0.0,0.0
2026-04-30,Thu,5-8 AM,dry,dry,0.0,0.0,0.0
2026-04-30,Thu,5-8 PM,dry,dry,0.0,0.0,0.1
2026-05-01,Fri,5-8 AM,dry,dry,0.0,0.0,0.0
2026-05-01,Fri,5-8 PM,dry,dry,0.0,0.0,0.0
2026-05-02,Sat,5-8 AM,dry,dry,0.0,0.0,0.0
2026-05-02,Sat,5-8 PM,dry,dry,0.0,0.0,0.0
2026-05-03,Sun,5-8 AM,dry,dry,0.0,0.0,0.0
2026-05-03,Sun,5-8 PM,dry,dry,0.0,0.0,0.0
2026-05-04,Mon,5-8 AM,dry,dry,0.0,0.0,0.0
2026-05-04,Mon,5-8 PM,dry,dry,0.0,0.0,0.0
2026-05-05,Tue,5-8 AM,dry,dry,0.0,0.0,0.0
2026-05-05,Tue,5-8 PM,drizzle,light drizzle,0.3,0.4,0.3
2026-05-06,Wed,5-8 AM,dry,dry,0.0,0.0,0.0
2026-05-06,Wed,5-8 PM,dry,dry,0.0,0.0,0.1
2026-05-07,Thu,5-8 AM,dry,dry,0.0,0.0,0.0
2026-05-07,Thu,5-8 PM,dry,dry,0.0,0.0,0.0
2026-05-08,Fri,5-8 AM,dry,dry,0.0,0.0,0.0
2026-05-08,Fri,5-8 PM,dry,dry,0.0,0.0,0.0
2026-05-09,Sat,5-8 AM,dry,dry,0.0,0.0,0.0
2026-05-09,Sat,5-8 PM,dry,dry,0.0,0.0,0.0
2026-05-10,Sun,5-8 AM,dry,dry,0.0,0.0,0.0
2026-05-10,Sun,5-8 PM,dry,dry,0.0,0.0,0.0
2026-05-11,Mon,5-8 AM,dry,dry,0.0,0.0,0.0
2026-05-11,Mon,5-8 PM,dry,dry,0.0,0.0,0.1
2026-05-12,Tue,5-8 AM,dry,dry,0.0,0.0,0.0
2026-05-12,Tue,5-8 PM,drizzle,light drizzle,0.1,0.1,0.0
2026-05-13,Wed,5-8 AM,dry,dry,0.0,0.0,0.0
2026-05-13,Wed,5-8 PM,dry,dry,0.0,0.0,0.0
2026-05-14,Thu,5-8 AM,dry,dry,0.0,0.0,0.0
2026-05-14,Thu,5-8 PM,dry,dry,0.0,0.0,0.1
2026-05-15,Fri,5-8 AM,dry,dry,0.0,0.0,0.0
2026-05-15,Fri,5-8 PM,dry,dry,0.0,0.0,2.0
2026-05-16,Sat,5-8 AM,out,rain during window,0.5,1.2,1.2
2026-05-16,Sat,5-8 PM,drizzle,light drizzle,0.3,0.5,0.6
2026-05-17,Sun,5-8 AM,dry,dry,0.0,0.0,0.0
2026-05-17,Sun,5-8 PM,out,rain during window,1.7,2.9,3.2
2026-05-18,Mon,5-8 AM,dry,dry,0.0,0.0,0.0
2026-05-18,Mon,5-8 PM,out,rain during window,1.9,3.2,1.3
2026-05-19,Tue,5-8 AM,dry,dry,0.0,0.0,0.0
2026-05-19,Tue,5-8 PM,drizzle,light drizzle,0.3,0.5,0.8
2026-05-20,Wed,5-8 AM,dry,dry,0.0,0.0,0.0
2026-05-20,Wed,5-8 PM,drizzle,light drizzle,0.4,0.5,0.8
2026-05-21,Thu,5-8 AM,dry,dry,0.0,0.0,0.0
2026-05-21,Thu,5-8 PM,drizzle,light drizzle,0.4,0.4,0.7
2026-05-22,Fri,5-8 AM,dry,dry,0.0,0.0,0.0
2026-05-22,Fri,5-8 PM,out,rain during window,1.4,1.4,0.1
2026-05-23,Sat,5-8 AM,dry,dry,0.0,0.0,0.0
2026-05-23,Sat,5-8 PM,out,rain during window,1.4,1.9,0.5
2026-05-24,Sun,5-8 AM,dry,dry,0.0,0.0,0.1
2026-05-24,Sun,5-8 PM,drizzle,light drizzle,0.1,0.1,0.1
2026-05-25,Mon,5-8 AM,dry,dry,0.0,0.0,0.0
2026-05-25,Mon,5-8 PM,dry,dry,0.0,0.0,0.1
2026-05-26,Tue,5-8 AM,dry,dry,0.0,0.0,0.0
2026-05-26,Tue,5-8 PM,out,rain during window,0.6,0.6,0.0
2026-05-27,Wed,5-8 AM,dry,dry,0.0,0.0,0.0
2026-05-27,Wed,5-8 PM,dry,dry,0.0,0.0,0.0
2026-05-28,Thu,5-8 AM,dry,dry,0.0,0.0,0.1
2026-05-28,Thu,5-8 PM,out,rain during window,0.6,0.6,0.6
2026-05-29,Fri,5-8 AM,dry,dry,0.0,0.0,0.0
2026-05-29,Fri,5-8 PM,out,rain during window,1.9,2.2,0.2
2026-05-30,Sat,5-8 AM,dry,dry,0.0,0.0,0.0
2026-05-30,Sat,5-8 PM,out,rain during window,1.4,1.7,0.8
2026-05-31,Sun,5-8 AM,out,rain during window,0.5,0.7,0.3
2026-05-31,Sun,5-8 PM,drizzle,light drizzle,0.1,0.1,0.4
2026-06-01,Mon,5-8 AM,out,rain during window,0.5,1.0,1.4
2026-06-01,Mon,5-8 PM,out,rain during window,3.9,7.4,1.8
2026-06-02,Tue,5-8 AM,out,rain during window,2.4,5.3,0.5
2026-06-02,Tue,5-8 PM,out,rain during window,0.7,0.7,0.2
2026-06-03,Wed,5-8 AM,out,rain during window,0.6,1.7,3.0
2026-06-03,Wed,5-8 PM,drizzle,light drizzle,0.1,0.1,0.8
2026-06-04,Thu,5-8 AM,dry,dry,0.0,0.0,0.1
2026-06-04,Thu,5-8 PM,dry,dry,0.0,0.0,0.1
2026-06-05,Fri,5-8 AM,out,rain during window,2.1,5.3,0.2
2026-06-05,Fri,5-8 PM,out,rain during window,0.5,1.0,2.1
2026-06-06,Sat,5-8 AM,out,rain during window,0.6,1.5,0.1
2026-06-06,Sat,5-8 PM,drizzle,light drizzle,0.1,0.1,0.1
2026-06-07,Sun,5-8 AM,drizzle,light drizzle,0.2,0.5,0.0
2026-06-07,Sun,5-8 PM,drizzle,light drizzle,0.1,0.1,1.1
2026-06-08,Mon,5-8 AM,drizzle,light drizzle,0.2,0.3,0.1
2026-06-08,Mon,5-8 PM,dry,dry,0.0,0.0,1.6
2026-06-09,Tue,5-8 AM,dry,dry,0.0,0.0,0.0
2026-06-09,Tue,5-8 PM,dry,dry,0.0,0.0,0.0
2026-06-10,Wed,5-8 AM,dry,dry,0.0,0.0,0.0
2026-06-10,Wed,5-8 PM,dry,dry,0.0,0.0,0.8
2026-06-11,Thu,5-8 AM,dry,dry,0.0,0.0,0.0
2026-06-11,Thu,5-8 PM,out,rain during window,0.8,1.1,2.3
2026-06-12,Fri,5-8 AM,dry,dry,0.0,0.0,0.0
2026-06-12,Fri,5-8 PM,drizzle,light drizzle,0.4,0.5,0.1
2026-06-13,Sat,5-8 AM,dry,dry,0.0,0.0,0.0
2026-06-13,Sat,5-8 PM,out,rain during window,1.2,1.4,0.2
2026-06-14,Sun,5-8 AM,dry,dry,0.0,0.0,0.0
2026-06-14,Sun,5-8 PM,drizzle,light drizzle,0.2,0.3,0.9
2026-06-15,Mon,5-8 AM,drizzle,light drizzle,0.2,0.2,0.0
2026-06-15,Mon,5-8 PM,out,downpour just before,0.2,0.2,3.1
2026-06-16,Tue,5-8 AM,dry,dry,0.0,0.0,0.0
2026-06-16,Tue,5-8 PM,drizzle,light drizzle,0.4,0.4,0.6
2026-06-17,Wed,5-8 AM,dry,dry,0.0,0.0,0.0
2026-06-17,Wed,5-8 PM,dry,dry,0.0,0.0,0.0
2026-06-18,Thu,5-8 AM,dry,dry,0.0,0.0,0.0
2026-06-18,Thu,5-8 PM,drizzle,light drizzle,0.4,0.6,0.5
2026-06-19,Fri,5-8 AM,dry,dry,0.0,0.0,0.0
2026-06-19,Fri,5-8 PM,drizzle,light drizzle,0.2,0.3,0.2
2026-06-20,Sat,5-8 AM,dry,dry,0.0,0.0,0.0
2026-06-20,Sat,5-8 PM,drizzle,light drizzle,0.3,0.3,0.0
2026-06-21,Sun,5-8 AM,dry,dry,0.0,0.0,0.0
2026-06-21,Sun,5-8 PM,out,rain during window,1.2,2.0,0.2
2026-06-22,Mon,5-8 AM,dry,dry,0.0,0.0,0.0
2026-06-22,Mon,5-8 PM,dry,dry,0.0,0.0,0.7
2026-06-23,Tue,5-8 AM,dry,dry,0.0,0.0,0.0
2026-06-23,Tue,5-8 PM,dry,dry,0.0,0.0,0.0
2026-06-24,Wed,5-8 AM,out,rain during window,0.5,1.4,0.2
2026-06-24,Wed,5-8 PM,drizzle,light drizzle,0.2,0.3,0.7
2026-06-25,Thu,5-8 AM,out,rain during window,1.8,2.7,0.1
2026-06-25,Thu,5-8 PM,out,rain during window,0.5,0.9,1.7
2026-06-26,Fri,5-8 AM,drizzle,light drizzle,0.2,0.4,0.1
2026-06-26,Fri,5-8 PM,out,rain during window,2.1,3.6,3.7
2026-06-27,Sat,5-8 AM,drizzle,light drizzle,0.2,0.4,0.1
2026-06-27,Sat,5-8 PM,drizzle,light drizzle,0.1,0.1,0.0
2026-06-28,Sun,5-8 AM,out,rain during window,1.4,1.7,0.0
2026-06-28,Sun,5-8 PM,dry,dry,0.0,0.0,0.0
2026-06-29,Mon,5-8 AM,drizzle,light drizzle,0.3,0.3,0.1
2026-06-29,Mon,5-8 PM,out,rain during window,5.9,6.9,0.7
2026-06-30,Tue,5-8 AM,drizzle,light drizzle,0.2,0.6,0.1
2026-06-30,Tue,5-8 PM,out,rain during window,0.7,1.3,1.1
2026-07-01,Wed,5-8 AM,dry,dry,0.0,0.0,0.0
2026-07-01,Wed,5-8 PM,out,rain during window,4.1,6.4,0.4
2026-07-02,Thu,5-8 AM,drizzle,light drizzle,0.3,0.5,0.0
2026-07-02,Thu,5-8 PM,dry,dry,0.0,0.0,0.0
2026-07-03,Fri,5-8 AM,dry,dry,0.0,0.0,0.0
2026-07-03,Fri,5-8 PM,drizzle,light drizzle,0.2,0.3,0.5
2026-07-04,Sat,5-8 AM,dry,dry,0.0,0.0,0.0
2026-07-04,Sat,5-8 PM,dry,dry,0.0,0.0,0.1
2026-07-05,Sun,5-8 AM,dry,dry,0.0,0.0,0.0
2026-07-05,Sun,5-8 PM,drizzle,light drizzle,0.1,0.1,0.4
2026-07-06,Mon,5-8 AM,dry,dry,0.0,0.0,0.0
2026-07-06,Mon,5-8 PM,out,rain during window,0.9,1.3,0.7
2026-07-07,Tue,5-8 AM,dry,dry,0.0,0.0,0.0
2026-07-07,Tue,5-8 PM,out,rain during window,1.8,4.2,0.1
2026-07-08,Wed,5-8 AM,dry,dry,0.0,0.0,0.2
2026-07-08,Wed,5-8 PM,out,rain during window,1.2,2.0,0.7
2026-07-09,Thu,5-8 AM,dry,dry,0.0,0.0,0.4
2026-07-09,Thu,5-8 PM,dry,dry,0.0,0.0,0.0
2026-07-10,Fri,5-8 AM,dry,dry,0.0,0.0,0.0
2026-07-10,Fri,5-8 PM,out,rain during window,1.9,3.0,3.4
2026-07-11,Sat,5-8 AM,out,rain during window,0.8,1.5,1.6
2026-07-11,Sat,5-8 PM,out,rain during window,0.7,1.5,1.4
2026-07-12,Sun,5-8 AM,out,rain during window,3.3,5.8,1.6
2026-07-12,Sun,5-8 PM,out,rain during window,3.0,4.1,0.5
2026-07-13,Mon,5-8 AM,drizzle,light drizzle,0.1,0.2,0.2
2026-07-13,Mon,5-8 PM,out,downpour just before,0.0,0.0,2.8
2026-07-14,Tue,5-8 AM,dry,dry,0.0,0.0,0.0
2026-07-14,Tue,5-8 PM,dry,dry,0.0,0.0,0.0
2026-07-15,Wed,5-8 AM,dry,dry,0.0,0.0,0.0
2026-07-15,Wed,5-8 PM,dry,dry,0.0,0.0,0.0
2026-07-16,Thu,5-8 AM,dry,dry,0.0,0.0,0.0
2026-07-16,Thu,5-8 PM,dry,dry,0.0,0.0,0.1
2026-07-17,Fri,5-8 AM,dry,dry,0.0,0.0,0.1
2026-07-17,Fri,5-8 PM,dry,dry,0.0,0.0,0.0
2026-07-18,Sat,5-8 AM,dry,dry,0.0,0.0,0.0
2026-07-18,Sat,5-8 PM,drizzle,light drizzle,0.2,0.4,1.1
2026-07-19,Sun,5-8 AM,drizzle,light drizzle,0.1,0.1,0.1
2026-07-19,Sun,5-8 PM,out,rain during window,1.7,3.4,1.6
2026-07-20,Mon,5-8 AM,out,rain during window,0.9,1.0,0.6
2026-07-20,Mon,5-8 PM,drizzle,light drizzle,0.3,0.5,0.5
2026-07-21,Tue,5-8 AM,dry,dry,0.0,0.0,0.0
2026-07-21,Tue,5-8 PM,drizzle,light drizzle,0.1,0.1,0.7
2026-07-22,Wed,5-8 AM,dry,dry,0.0,0.0,0.0
2026-07-22,Wed,5-8 PM,drizzle,light drizzle,0.1,0.1,0.1
2026-07-23,Thu,5-8 AM,dry,dry,0.0,0.0,0.0
2026-07-23,Thu,5-8 PM,out,rain during window,1.8,2.6,0.1
2026-07-24,Fri,5-8 AM,out,rain during window,1.3,2.0,0.3
2026-07-24,Fri,5-8 PM,drizzle,light drizzle,0.4,0.5,0.0
2026-07-25,Sat,5-8 AM,drizzle,light drizzle,0.4,0.4,1.2
2026-07-25,Sat,5-8 PM,out,downpour just before,0.4,0.7,8.8
2026-07-26,Sun,5-8 AM,drizzle,light drizzle,0.4,0.8,0.2
2026-07-26,Sun,5-8 PM,dry,dry,0.0,0.0,0.1
2026-07-27,Mon,5-8 AM,drizzle,light drizzle,0.4,0.7,0.5
2026-07-27,Mon,5-8 PM,drizzle,light drizzle,0.1,0.1,0.2
2026-07-28,Tue,5-8 AM,dry,dry,0.0,0.0,0.0
2026-07-28,Tue,5-8 PM,out,rain during window,3.4,7.2,1.7
2026-07-29,Wed,5-8 AM,out,rain during window,0.8,2.2,0.2
2026-07-29,Wed,5-8 PM,out,rain during window,0.7,1.2,8.7
2026-07-30,Thu,5-8 AM,dry,dry,0.0,0.0,0.0
2026-07-30,Thu,5-8 PM,dry,dry,0.0,0.0,0.0
2026-07-31,Fri,5-8 AM,dry,dry,0.0,0.0,0.0
2026-07-31,Fri,5-8 PM,drizzle,light drizzle,0.2,0.3,0.9
2026-08-01,Sat,5-8 AM,dry,dry,0.0,0.0,0.0
2026-08-01,Sat,5-8 PM,out,rain during window,1.4,1.6,3.5
2026-08-02,Sun,5-8 AM,dry,dry,0.0,0.0,0.0
2026-08-02,Sun,5-8 PM,out,rain during window,1.7,3.1,2.2
2026-08-03,Mon,5-8 AM,out,rain during window,3.9,9.9,3.5
2026-08-03,Mon,5-8 PM,drizzle,light drizzle,0.1,0.1,0.1
2026-08-04,Tue,5-8 AM,drizzle,light drizzle,0.4,0.7,0.1
2026-08-04,Tue,5-8 PM,out,rain during window,1.2,2.5,1.3
2026-08-05,Wed,5-8 AM,out,rain during window,1.2,2.7,0.4
2026-08-05,Wed,5-8 PM,drizzle,light drizzle,0.4,0.9,1.8
2026-08-06,Thu,5-8 AM,out,rain during window,0.9,1.2,2.2
2026-08-06,Thu,5-8 PM,out,rain during window,0.5,0.7,2.2
2026-08-07,Fri,5-8 AM,out,rain during window,0.5,1.1,1.1
2026-08-07,Fri,5-8 PM,out,rain during window,1.9,4.3,1.9
2026-08-08,Sat,5-8 AM,out,rain during window,4.8,5.6,0.9
2026-08-08,Sat,5-8 PM,out,rain during window,1.7,4.3,2.4
2026-08-09,Sun,5-8 AM,out,rain during window,1.3,3.2,2.9
2026-08-09,Sun,5-8 PM,out,rain during window,2.6,4.1,0.6
2026-08-10,Mon,5-8 AM,out,rain during window,1.2,2.2,0.8
2026-08-10,Mon,5-8 PM,out,rain during window,3.0,4.6,1.2
2026-08-11,Tue,5-8 AM,out,rain during window,0.6,1.5,0.4
2026-08-11,Tue,5-8 PM,drizzle,light drizzle,0.2,0.5,0.4
2026-08-12,Wed,5-8 AM,out,rain during window,0.6,1.7,0.3
2026-08-12,Wed,5-8 PM,out,rain during window,3.3,7.4,2.3
2026-08-13,Thu,5-8 AM,out,rain during window,1.5,3.9,2.0
2026-08-13,Thu,5-8 PM,out,rain during window,1.1,1.6,1.7
2026-08-14,Fri,5-8 AM,out,rain during window,0.6,1.3,2.7
2026-08-14,Fri,5-8 PM,drizzle,light drizzle,0.2,0.3,0.4
2026-08-15,Sat,5-8 AM,out,rain during window,0.9,1.3,0.0
2026-08-15,Sat,5-8 PM,drizzle,light drizzle,0.4,0.7,0.3
2026-08-16,Sun,5-8 AM,drizzle,light drizzle,0.3,0.5,0.3
2026-08-16,Sun,5-8 PM,out,rain during window,1.2,2.2,5.9
2026-08-17,Mon,5-8 AM,out,rain during window,1.7,2.4,0.1
2026-08-17,Mon,5-8 PM,out,rain during window,3.8,8.5,1.4
2026-08-18,Tue,5-8 AM,out,rain during window,3.5,8.5,1.5
2026-08-18,Tue,5-8 PM,out,rain during window,2.6,7.5,2.5
2026-08-19,Wed,5-8 AM,out,rain during window,2.9,3.9,1.8
2026-08-19,Wed,5-8 PM,out,rain during window,2.0,2.4,0.3
2026-08-20,Thu,5-8 AM,out,rain during window,1.6,2.7,0.3
2026-08-20,Thu,5-8 PM,drizzle,light drizzle,0.1,0.1,0.9
2026-08-21,Fri,5-8 AM,out,rain during window,0.7,1.2,0.1
2026-08-21,Fri,5-8 PM,dry,dry,0.0,0.0,0.0
2026-08-22,Sat,5-8 AM,drizzle,light drizzle,0.2,0.3,0.0
2026-08-22,Sat,5-8 PM,drizzle,light drizzle,0.1,0.2,0.5
2026-08-23,Sun,5-8 AM,out,rain during window,0.6,1.1,0.4
2026-08-23,Sun,5-8 PM,drizzle,light drizzle,0.2,0.3,0.0
2026-08-24,Mon,5-8 AM,out,rain during window,0.7,1.5,0.6
2026-08-24,Mon,5-8 PM,drizzle,light drizzle,0.4,0.6,0.4
2026-08-25,Tue,5-8 AM,drizzle,light drizzle,0.4,0.7,0.4
2026-08-25,Tue,5-8 PM,out,rain during window,0.5,1.0,0.2
2026-08-26,Wed,5-8 AM,out,rain during window,0.7,1.2,0.3
2026-08-26,Wed,5-8 PM,drizzle,light drizzle,0.2,0.5,0.3
2026-08-27,Thu,5-8 AM,out,rain during window,0.5,1.3,0.4
2026-08-27,Thu,5-8 PM,drizzle,light drizzle,0.4,0.8,0.1
2026-08-28,Fri,5-8 AM,out,rain during window,0.8,2.0,0.6
2026-08-28,Fri,5-8 PM,out,rain during window,3.5,8.8,2.9
2026-08-29,Sat,5-8 AM,out,rain during window,2.9,6.3,2.9
2026-08-29,Sat,5-8 PM,out,rain during window,0.5,1.1,2.1
2026-08-30,Sun,5-8 AM,out,rain during window,1.7,2.9,1.0
2026-08-30,Sun,5-8 PM,out,rain during window,0.6,1.3,1.0
2026-08-31,Mon,5-8 AM,out,rain during window,1.2,1.9,0.7
2026-08-31,Mon,5-8 PM,dry,dry,0.0,0.0,0.0
2026-09-01,Tue,5-8 AM,out,rain during window,0.5,1.5,0.6
2026-09-01,Tue,5-8 PM,drizzle,light drizzle,0.1,0.2,0.0
2026-09-02,Wed,5-8 AM,drizzle,light drizzle,0.4,0.9,0.9
2026-09-02,Wed,5-8 PM,out,rain during window,0.7,1.4,0.5
2026-09-03,Thu,5-8 AM,out,rain during window,0.7,1.6,1.8
2026-09-03,Thu,5-8 PM,out,rain during window,0.7,1.9,0.5
2026-09-04,Fri,5-8 AM,out,rain during window,1.1,1.9,3.3
2026-09-04,Fri,5-8 PM,drizzle,light drizzle,0.4,0.9,0.8
2026-09-05,Sat,5-8 AM,drizzle,light drizzle,0.3,0.7,1.1
2026-09-05,Sat,5-8 PM,out,rain during window,1.4,3.4,1.5
2026-09-06,Sun,5-8 AM,drizzle,light drizzle,0.2,0.6,0.9
2026-09-06,Sun,5-8 PM,dry,dry,0.0,0.0,0.0
2026-09-07,Mon,5-8 AM,out,rain during window,0.5,1.1,0.0
2026-09-07,Mon,5-8 PM,out,rain during window,1.2,2.4,1.8
2026-09-08,Tue,5-8 AM,drizzle,light drizzle,0.1,0.3,0.3
2026-09-08,Tue,5-8 PM,out,rain during window,0.8,1.9,0.6
2026-09-09,Wed,5-8 AM,out,rain during window,5.8,11.7,1.1
2026-09-09,Wed,5-8 PM,out,rain during window,0.8,1.7,4.4
2026-09-10,Thu,5-8 AM,out,rain during window,3.0,4.8,0.2
2026-09-10,Thu,5-8 PM,out,rain during window,1.4,2.8,1.9
2026-09-11,Fri,5-8 AM,dry,dry,0.0,0.0,0.3
2026-09-11,Fri,5-8 PM,drizzle,light drizzle,0.3,0.5,0.9
2026-09-12,Sat,5-8 AM,dry,dry,0.0,0.0,0.2
2026-09-12,Sat,5-8 PM,dry,dry,0.0,0.0,1.4
2026-09-13,Sun,5-8 AM,drizzle,light drizzle,0.1,0.1,0.0
2026-09-13,Sun,5-8 PM,out,rain during window,0.6,0.8,1.5
2026-09-14,Mon,5-8 AM,dry,dry,0.0,0.0,0.0
2026-09-14,Mon,5-8 PM,out,rain during window,0.6,0.9,0.3
2026-09-15,Tue,5-8 AM,dry,dry,0.0,0.0,0.0
2026-09-15,Tue,5-8 PM,drizzle,light drizzle,0.2,0.5,0.5
2026-09-16,Wed,5-8 AM,drizzle,light drizzle,0.1,0.1,0.0
2026-09-16,Wed,5-8 PM,out,rain during window,8.0,10.5,1.3
2026-09-17,Thu,5-8 AM,drizzle,light drizzle,0.1,0.1,0.0
2026-09-17,Thu,5-8 PM,out,rain during window,2.4,4.6,1.3
2026-09-18,Fri,5-8 AM,dry,dry,0.0,0.0,0.0
2026-09-18,Fri,5-8 PM,out,rain during window,0.6,0.8,1.2
2026-09-19,Sat,5-8 AM,dry,dry,0.0,0.0,0.0
2026-09-19,Sat,5-8 PM,out,rain during window,2.6,3.4,1.2
2026-09-20,Sun,5-8 AM,dry,dry,0.0,0.0,0.0
2026-09-20,Sun,5-8 PM,drizzle,light drizzle,0.3,0.4,0.2
